dimension,silhouette
100,0.019192591858558657
200,0.04249028916588818
300,-0.027793491231658377
