dimension,silhouette
100,0.0678386748572802
200,0.07025872229503284
300,0.004971185528671049
