dimension,silhouette
100,0.026553952090700786
200,0.02815427544243483
300,0.0014677751031097563
