dimension,silhouette
100,0.03513569244955253
200,0.017548404277836504
300,-0.0009530429717804723
