dimension,silhouette
100,0.06800114264316383
200,0.055625771055142506
300,0.037707006365866526
